{
  "description": {
    "title": "Droga Zelina a Sua Drogaria de Qualidade e Confiança!",
    "text": ""
  },
  "links_1": {
    "list_pages": true,
    "title": "Páginas",
    "list": []
  },
  "links_2": {
    "list_categories": true,
    "title": "Categorias",
    "list": []
  },
  "contacts": {
    "title": "Contatos",
    "phone_wpp": true,
    "socials": true,
    "email": true,
    "address": true
  },
  "stamps": [
    {
      "src": "/img/uploads/ssl-safe.png",
      "alt": "Secure connection"
    },
    {
      "src": "/img/uploads/agencia-de-criacao-de-site.png",
      "alt": "Configurado por Marketing MR",
      "link": "https://marketingmr.com.br/"
    },
    {
      "src": "/img/uploads/logo-anvisa.01797254.jpg",
      "link": "https://www.gov.br/anvisa/pt-br",
      "alt": "Anvisa"
    },
    {
      "src": "/img/uploads/download.jfif",
      "link": "https://transparencyreport.google.com/safe-browsing/search?url=drogazelina.com.br",
      "alt": "Google Safe Browsing"
    }
  ],
  "payment_methods": {
    "bb": true,
    "visa": true,
    "boleto": true,
    "aura": false,
    "banrisul": false,
    "elo": true,
    "hipercard": false,
    "hsbc": false,
    "bradesco": true,
    "santander": false,
    "mastercard": true,
    "citibank": false,
    "mais": false,
    "itau": true
  },
  "credits": ""
}