{
  "marketing_stripe": {
    "text": "Descontos em Medicamentos de até 90%!",
    "link": "/promotion",
    "background": "#0b6b60"
  },
  "contacts_stripe": {
    "pages": [],
    "phone_wpp": true,
    "socials": true
  },
  "categories_list": {
    "featured": [
      "/medicamentos?Medicamentos",
      "/mamaesebebes?Mamães e Bebês",
      "/suplementosevitaminas?Suplementos e Vitaminas",
      "/cuidadospessoais?Cuidados Pessoais",
      "/dermocosmeticos?Dermocosméticos",
      "/saude-e-bem-estar?Ofertas"
    ],
    "random": 0,
    "full_width": true
  },
  "search_input": true
}