{
  "meta_title": "Farmácia e Drogaria com o menor preço - Drogazelina",
  "meta_description": "Está procurando uma Farmácia e Drogaria com o menor preço e o melhor que entrega em sua casa, acesse nosso site e faça já seu pedido!",
  "sections": [
    {
      "type": "banner-slider",
      "autoplay": 9000,
      "slides": [
        {
          "start": "2021-09-08T13:01:10.601Z",
          "end": "2022-09-30T13:01:10.626Z",
          "img": "/img/uploads/eximia-kera-d.jpg",
          "link": "https://marketingmr1.netlify.app/eximia-fortalize-kera-d-com-30-comprimidos",
          "alt": "Eximia Fortalize Kera D",
          "mobile_img": "/img/uploads/3.jpg"
        },
        {
          "start": "2021-09-08T13:12:30.286Z",
          "end": "2022-01-29T13:12:30.312Z",
          "img": "/img/uploads/ogestan-plus.jpg",
          "mobile_img": "/img/uploads/2.jpg",
          "alt": "Vitamina para Gestante - OGESTAN Plus",
          "link": "https://marketingmr1.netlify.app/ogestan-plus-com-30-capsulas"
        },
        {
          "start": "2021-07-23T19:33:03.749Z",
          "end": "",
          "img": "/img/uploads/a_sua_drogaria.png",
          "mobile_img": "/img/uploads/copia_de_a_sua_drogaria.png"
        }
      ]
    },
    {
      "type": "info-bar",
      "enabled": true
    },
    {
      "type": "collection-shelf",
      "shuffle": true,
      "collection_id": null,
      "limit": 12,
      "page": 1,
      "sort": "views",
      "title": "Confira nossas Ofertas!"
    },
    {
      "type": "collection-shelf",
      "shuffle": true,
      "limit": 12,
      "page": 1,
      "sort": "news"
    },
    {
      "type": "page-title",
      "title": "Farmácia e Drogaria com o menor preço - Drogazelina",
      "description": "Está procurando uma Farmácia e Drogaria com o menor preço e o melhor que entrega em sua casa, acesse nosso site e faça já seu pedido!"
    },
    {
      "type": "custom-html",
      "html": "<div class=\"row\" style=\"margin-left: -10px; margin-right: -10px;\">\n<div class=\"col-md-4\" style=\"padding: 10px;\"><a class=\"image-link\" href=\"https://marketingmr1.netlify.app/kit-renu-fresh-para-lentes-solucao-com-355ml--solucao-com-120ml--estojo-para-lentes\" title=\"renufresh\"> <img alt=\"renufresh\" height=\"269\" src=\"/img/uploads/renufresh.jpg\" title=\"renufresh\" width=\"367\" /> </a></div>\n<div class=\"col-md-4\" style=\"padding: 10px;\"><a class=\"image-link\" href=\"https://marketingmr1.netlify.app/dermocosmeticos\" title=\"dermocosméticos\"> <img alt=\"dermocosméticos\" height=\"269\" src=\"/img/uploads/loja-de-dermocosmeticos.jpg\" title=\"dermocosméticos\" width=\"367\" /> </a></div>\n<div class=\"col-md-4\" style=\"padding: 10px;\"><a class=\"image-link\" href=\"https://marketingmr1.netlify.app/pages/entrega\" title=\"Farmácia com entrega\"> <img alt=\"Farmácia com entrega\" height=\"269\" src=\"/img/uploads/farmacia-com-delivery.jpg\" title=\"Farmácia com entrega\" width=\"367\" /> </a></div>\n</div>"
    }
  ]
}